epoch,train_loss,val_dice,seconds
1,1.1790818214416503,,115.41764887499997
2,0.9547928459504071,,28.988736130999996
3,0.877403712272644,,25.341527979000034
4,0.7913317154435551,,26.76951491899996
5,0.7820077601601095,0.5298042495136154,76.98943149399997
6,0.7004628994885613,,34.25295991399997
7,0.6865411299116472,,27.696141635000004
8,0.6167096222148222,,28.48035267099999
9,0.5806846506455365,,29.419803674000036
10,0.5160561456399806,0.7302915708151206,59.79647991499996
11,0.5374307351953843,,31.915939410999954
12,0.5139073999489054,,27.30735455399997
13,0.4592944855199141,,28.08501445899992
14,0.4591547471635482,,29.04266119900001
15,0.4766612452619216,0.8199723784296723,59.19439954699999
16,0.44552691648988163,,32.139822560000084
17,0.39647007198894724,,28.757353627000043
18,0.36757418758728927,,26.904822822999904
19,0.40170530676841737,,25.868966255000032
20,0.3331077000674079,0.9036030864569062,56.051557806000005
21,0.3782667782376794,,32.58767243099999
22,0.32825981308432184,,29.293323071999907
23,0.37472601392689875,,30.73118764700007
24,0.3498943519942901,,29.401014179999947
25,0.3201253452721764,0.9703837673998112,57.91028567299986
26,0.2980375374064726,,31.67283914199993
27,0.2935079252018648,,28.563181717999896
28,0.3037508998723591,,28.749250957999948
29,0.2858703655355117,,27.752893172999848
30,0.27631364254390495,0.9735966365040357,56.50472181700002
31,0.2919633514740888,,30.110950695000156
32,0.28230072698172404,,27.64281896700004
33,0.26013479180195753,,28.42027406499983
34,0.2372588385553921,,27.460662916000047
35,0.2215111033004873,0.9095100361907213,54.89723524500005
36,0.26089166806024666,,29.711102100999824
37,0.24755301948855904,,27.152028789000042
38,0.229908907939406,,28.433171780999828
39,0.235738483246635,,26.256840483999895
40,0.3107711602659786,0.9023062490694351,54.761856793000106
41,0.2743033819338855,,29.91213588200003
42,0.2278101589749841,,25.952497631999904
43,0.22911210726289188,,25.794725664999987
44,0.2155384805272607,,27.67920153
45,0.21772424771505244,0.9081244040325256,56.7025263380001
46,0.22310484787997079,,30.114107773000114
47,0.23047879496041465,,25.924491679000084
48,0.23894441530984992,,26.874786975000006
49,0.19644854244063883,,27.269906040000023
50,0.21128721614094342,0.9779218674428237,54.495382902999836
51,0.19614147202056997,,31.081494720000137
52,0.20350583423586452,,26.396782398999676
53,0.19220207789364982,,27.496627991999958
54,0.2043650705148192,,29.771584449999864
55,0.1766339789418613,0.9774992041715772,58.64204043200016
56,0.19803234847152934,,33.27351855200004
57,0.20285372440429295,,28.41553747900025
58,0.17912096828222274,,28.04287057900001
59,0.17306435406208037,,29.272158853999827
60,0.18229927438146928,0.9791719531537787,58.386145915999805
61,0.1548577121075462,,32.1598076399996
62,0.16120615426231832,,26.83814763400005
63,0.16460839413544712,,27.17372142100021
64,0.15723044802160824,,27.06959772900018
65,0.16403871020850014,0.9791529921568413,57.200129755000034
66,0.16172315776348115,,30.761410845000228
67,0.17388915814021055,,30.293814916999963
68,0.17346130670870052,,28.73145893400033
69,0.18546162659631055,,28.301662221000242
70,0.1687473475933075,0.9806975360556475,58.21108964899986
71,0.16373530319508384,,31.590165297000112
72,0.15005071785520105,,28.879082853
73,0.14906444724868326,,27.774538190000385
74,0.15465019275160397,,28.4045336879999
75,0.14692308175213198,0.9818465318042412,58.25043910400018
76,0.15790575374575222,,33.19304217900026
77,0.16231167991371714,,27.574897411000165
78,0.14390951899044654,,29.017320446000213
79,0.13875801379189773,,28.606899494000118
80,0.14958944881663602,0.9794818902271683,58.24140754600012
81,0.1308927860330133,,30.89083951800012
82,0.1469840565148522,,27.301289736999934
83,0.1350391827085439,,27.7616869149997
84,0.1493721446570228,,27.32481574600024
85,0.16616627889520982,0.9811297416250657,59.32968296399986
86,0.14385992306120254,,31.255611613999918
87,0.1275471312158248,,27.258822516000237
88,0.13165162310880774,,29.2469040699998
89,0.13479115673724343,,28.059194534999733
90,0.13944540089544127,0.981735777019941,57.26934558399989
91,0.14478890922139673,,31.800746322000123
92,0.13909594885566656,,28.97792748200027
93,0.1593244045096285,,29.07841066400033
94,0.1317882959457005,,29.974199618000057
95,0.13375765847809173,0.9818039861205986,55.96880892499985
96,0.13345011805786805,,33.52713237099988
97,0.1233394110465751,,27.15437901000041
98,0.13244156837463378,,26.267419579000034
99,0.12296069930581485,,25.360688927999945
100,0.14503506097723456,0.9826446440881467,57.1246999760001
101,0.11720115595004138,,32.63469514600001
102,0.12147372198455474,,27.537514178000038
103,0.12568945507792867,,26.962094116000117
104,0.12497178114512388,,27.786863533000087
105,0.12921690353575874,0.982663682053834,56.42250422400002
106,0.09388562655624222,,32.41324743000041
107,0.13287162824588664,,29.682815456999833
108,0.11783076551030663,,27.773784318000253
109,0.09964305013418198,,28.31361931099991
110,0.1254212993909331,0.9808579688004784,55.3812714149999
111,0.10081403777003288,,31.278403626
112,0.11034853090258205,,27.980425978000312
113,0.11278764544164434,,27.78544544000033
114,0.11421822414678685,,26.982178936999844
115,0.0860491218374056,0.9838565200893102,55.99659437399987
116,0.10141243627842735,,31.338121128999774
117,0.10281219833037432,,27.991940296000394
118,0.11523769103428896,,27.808576398000696
119,0.10013200005187708,,28.11663574799968
120,0.13505771694814458,0.9832662250472023,56.36492114000066
121,0.10899577329263968,,31.712840056999994
122,0.10405953824520112,,27.549434518999988
123,0.12232183410840876,,28.110821528000088
124,0.102361680216649,,26.679450413000268
125,0.11851442333529977,0.9842277975154197,57.21553229299934
126,0.10484998199869605,,31.50414433700007
127,0.19737889687804616,,27.094387289000224
128,0.2334815013934584,,27.180568740000126
129,0.13040141708710615,,27.141755463000663
130,0.12696715054266594,0.982609330383392,57.262113210999814
131,0.10655916499740938,,31.381038237999746
132,0.11505428368554396,,27.47931230100039
133,0.10239742192275383,,26.303222715999254
134,0.10594109936672098,,26.969348964000346
135,0.11018907344516586,0.984085235711769,57.10913075799999
136,0.10886107012629509,,31.24501641900042
137,0.09345003962516785,,27.260993779000273
138,0.11836313745554755,,26.79668529799983
139,0.1105420955840279,,26.287459436000063
140,0.10282855445847791,0.9844407610483221,57.02111322100063
141,0.09945815821342609,,31.840914164000424
142,0.1079035833477974,,29.045963484999447
143,0.11425775657681858,,28.760925941000096
144,0.09480475213597803,,29.513642452000568
145,0.11721020744127386,0.9845206582754805,57.975702058000024
146,0.11848993134849212,,31.418811135000396
147,0.11671183885020368,,27.86741585799973
148,0.09582925434498225,,28.301380228999733
149,0.09508985561483047,,27.202750880000167
150,0.10896478387362817,0.9846088812906847,57.79801834800037
151,0.10752816691118128,,32.626789648999875
152,0.10240243002772331,,26.960061742000107
153,0.09889225416323717,,28.302249921999646
154,0.08732385477598975,,27.891311700999722
155,0.123792843783603,0.9823497677206603,56.723847172000205
156,0.10821314681978787,,32.41498836399933
157,0.11166952515349668,,26.381425845000194
158,0.10530774400514716,,26.267003115999614
159,0.09880715700633386,,26.802723525000147
160,0.09273545628084856,0.9840581156238384,56.66815633399983
161,0.12065976165673312,,31.91098876900014
162,0.09577332550988478,,27.64480185999946
163,0.09388198953341036,,26.40988446099982
164,0.11941436910453965,,27.8037170409998
165,0.08909229925450157,0.9846382894455482,58.8669773419997
166,0.10076818816802081,,33.3088700520002
167,0.10165379634674858,,28.803450046999387
168,0.09221126318854445,,27.591027021000627
169,0.09282482608276255,,27.492226229000153
170,0.0866931248237105,0.9850819636288211,57.061964022999746
171,0.10191639889689053,,30.163082581000708
172,0.08752995238584631,,27.45124490299986
173,0.10172275427509757,,27.3797318070001
174,0.08410545850501341,,26.91830029099947
175,0.09329374020590502,0.9846404254797779,58.092347800000425
176,0.08702936093596851,,32.06554099999994
177,0.1094035218743717,,27.92731956999978
178,0.09497291358078228,,26.98512959799973
179,0.09398168198326055,,27.89018856400071
180,0.07813441437833449,0.9852855470520026,57.601056820999474
181,0.09057831187896868,,31.978509772000507
182,0.10903871201855295,,27.67712128199946
183,0.07336796923157046,,26.62709419300063
184,0.08886200088788482,,27.478748617999372
185,0.0820265602101298,0.9854580101742375,58.774895577999814
186,0.07224893810994484,,32.40178478299913
187,0.0841197697993587,,25.96298509600001
188,0.08399160377242985,,26.71445570099968
189,0.10129499689621084,,27.047748502000104
190,0.07448223943219465,0.9860030764618912,57.00247172299987
191,0.0846193795256755,,33.021176775999265
192,0.0887119891888955,,26.855064614000185
193,0.10435787531382898,,27.214866111000447
194,0.1882661752841052,,26.678614946999915
195,0.12311457062468809,0.9824477216403849,57.07037908200073
196,0.09646417489823172,,33.48085556699971
197,0.0995878224425456,,29.443050400000175
198,0.1021630032974131,,25.80016144399997
199,0.10784501306274358,,27.07788972199978
200,0.09861625042908331,0.985495163765344,56.63992948000032
