id,method,dice,hd95
A00033747,bet_default,0.7420533963,56.35550438
A00033747,bet_robust,0.9331485225,8.774241011
A00033747,unet,0.9865595826,1.414143432
A00034854,bet_default,0.6766386265,77.61850878
A00034854,bet_robust,0.6583172863,82.23123494
A00034854,unet,0.987923694,1.414143432
A00038642,bet_default,0.6193734047,74.08777372
A00038642,bet_robust,0.5767429276,77.00646104
A00038642,unet,0.9885272584,1.414143432
A00039391,bet_default,0.5221157326,89.51795096
A00039391,bet_robust,0,127.7915834
A00039391,unet,0.9834502895,1.414213562
A00039431,bet_default,0.8831390735,18.13748091
A00039431,bet_robust,0.9385503925,8.123440197
A00039431,unet,0.983901317,1.414213562
A00040524,bet_default,0.7531243722,52.58311943
A00040524,bet_robust,0.9370885407,9.433939081
A00040524,unet,0.9842236625,1.414213562
A00043721,bet_default,0.867917514,25.6317636
A00043721,bet_robust,0.9414709863,6.164011773
A00043721,unet,0.9841621283,2
A00043722,bet_default,0.7718728565,25.67096054
A00043722,bet_robust,0.9054921503,13.41621567
A00043722,unet,0.9852584031,1.414143432
A00043998,bet_default,0.811275408,35.79042577
A00043998,bet_robust,0.9326984602,7.680822947
A00043998,unet,0.9840305856,1.731993547
A00050940,bet_default,0.8836563971,21.25239494
A00050940,bet_robust,0.9250206426,10.77018228
A00050940,unet,0.9868310775,1.414143432
A00051927,bet_default,0.9067999327,13.60147051
A00051927,bet_robust,0.9401006756,6.557060404
A00051927,unet,0.9869197777,1.414143432
A00055446,bet_default,0.8507552785,23.02172887
A00055446,bet_robust,0.934918267,9.848857802
A00055446,unet,0.9865179175,1.414143432
A00056627,bet_default,0.8611074434,22.47176372
A00056627,bet_robust,0.9224385207,10.04971772
A00056627,unet,0.988500531,1.414143432
A00057182,bet_default,0.649492175,76.32527276
A00057182,bet_robust,0.6035442398,88.32891628
A00057182,unet,0.9868431241,1.414143432
A00057235,bet_default,0.9060619505,17.94427195
A00057235,bet_robust,0.9535529871,4.358694163
A00057235,unet,0.9855605488,1.414143432
A00057808,bet_default,0.8164240669,31.62242785
A00057808,bet_robust,0.930759539,8.062060923
A00057808,unet,0.9872795212,1.414143432
A00058214,bet_default,0.7838264523,27.89246575
A00058214,bet_robust,0.9090252645,10.77032961
A00058214,unet,0.9880594726,1.414143432
A00058667,bet_default,0.7310189037,64.63468409
A00058667,bet_robust,0.9301482479,7.279619443
A00058667,unet,0.9869095126,1.414143432
A00059428,bet_default,0.7734502194,46.75374344
A00059428,bet_robust,0.9389021541,7.211102551
A00059428,unet,0.9880191062,1.414143432
A00060279,bet_default,0.738640265,59.48943719
A00060279,bet_robust,0.941037217,6.403124237
A00060279,unet,0.9878602147,1
A00061709,bet_default,0.6252665459,78.43989938
A00061709,bet_robust,0.5647882106,85.99998155
A00061709,unet,0.9820443905,1.731993547
A00062248,bet_default,0.86578041,18.61084204
A00062248,bet_robust,0.948926147,5.384999054
A00062248,unet,0.9890618799,1
A00062917,bet_default,0.838421044,22.69234839
A00062917,bet_robust,0.9279751462,9.505195893
A00062917,unet,0.9870903753,1.414143432
A00063326,bet_default,0.5712124496,80.70845928
A00063326,bet_robust,0.141089823,86.64825825
A00063326,unet,0.9874491479,1.414143432
A00063368,bet_default,0.5023638477,102.7125894
A00063368,bet_robust,0,125.3027693
A00063368,unet,0.9857262021,1.414143432
